{"train/loss": 1.199, "train/learning_rate": 1.5916837082481257e-05, "train/epoch": 3.0, "train/global_step": 1467, "_timestamp": 1692900916.1190279, "_runtime": 570.6151337623596, "_step": 3, "train/train_runtime": 562.9069, "train/train_samples_per_second": 10.414, "train/train_steps_per_second": 2.606, "train/total_flos": 42622093885440.0, "train/train_loss": 1.228031213054384, "eval/loss": 1.13770592212677, "eval/bleu": 47.2, "eval/gen_len": 12.25, "eval/runtime": 8.2942, "eval/samples_per_second": 0.482, "eval/steps_per_second": 0.121, "_wandb": {"runtime": 570}}