{"train/loss": 1.1989, "train/learning_rate": 1.5916837082481257e-05, "train/epoch": 3.0, "train/global_step": 1467, "_timestamp": 1692900155.892726, "_runtime": 607.177099943161, "_step": 3, "train/train_runtime": 566.5197, "train/train_samples_per_second": 10.347, "train/train_steps_per_second": 2.589, "train/total_flos": 42622093885440.0, "train/train_loss": 1.2280309634218431, "eval/loss": 1.1377089023590088, "eval/bleu": 47.2, "eval/gen_len": 12.25, "eval/runtime": 8.8107, "eval/samples_per_second": 0.454, "eval/steps_per_second": 0.113, "_wandb": {"runtime": 608}}